Id,Category
003535c4-fa59-4648-b231-30dc139665ed,Fire
004a13ae-e627-4df9-8ad0-297449af3b22,Poison
00b78c26-7b4f-4582-bbb1-5a1c03f5709e,Normal
00bbc4e6-5eb3-4914-b3b6-aeb22349a825,Normal
00c3c5a5-e49c-453c-ad53-79cd72c6f896,Ground
01540c75-52a9-49ec-960c-8341d09ee294,Poison
01b0900d-6ee5-4609-9da9-5ca4765d7be2,Rock
01ce5264-37cb-4f47-8da3-23528dcfa90f,Fire
027773c9-744b-4498-bcf2-83ab8fc0b227,Normal
02a846af-f6ca-4896-92a2-486cc34cd435,Bug
02d35b7a-f1b6-4919-8301-43dba62d65fe,Fighting
02df5cef-f2ab-4481-a791-d900eecef6a1,Fighting
03a1650c-cb17-40e1-8cb7-30e9d469ecbe,Fire
03f60d1b-48fc-4f48-9bb5-35255274388a,Normal
0419dfc7-813a-483f-b19a-9bd10b31b8f5,Normal
0428a9aa-ea8a-4381-ad8a-e98bc76a12ca,Poison
048157f3-2650-4793-bdb1-f554c4084562,Ground
04875360-63e8-42ad-bac2-7447a1f37c73,Grass
04c7b8fe-1466-4b94-a448-c3673e9d8ee3,Fighting
04ea1954-eaad-4446-9b73-928f31b530bd,Poison
051af1c4-9159-4a76-ac02-f5cde32abb2f,Water
0550731c-fe9b-43db-8d57-0c70850533a3,Fire
0597af92-4bdf-487d-9d3e-85eeb7847f5f,Fire
05ac870c-4101-43e1-9b91-596e5bc92dd8,Fire
05b7d0d9-7594-4bd6-ad06-074c3c3fb819,Bug
05db2db4-c8c0-4d07-b824-57cde7bd1ada,Water
05f109fe-6893-492f-b038-d42bf852c094,Poison
068bee0c-bfef-46ed-9654-4da0d96ef0f1,Normal
0704d132-c439-4c2d-9201-b90eed122c96,Normal
0739c826-ab3f-4695-98a0-e74915ec5950,Bug
0742183d-3988-41bb-aa04-ea47b45c5e06,Water
07a7e97f-19f6-40c7-ba2d-7cb56b62c185,Rock
0826a7e6-7d99-4d8e-be1c-b43763351a71,Water
09fbddef-afa8-4a0e-88c0-ac4f3d50b00f,Poison
0a709ee7-a70f-4379-aa57-65933c395570,Water
0a9831df-6663-4c33-a806-d9c543fc278e,Water
0abfba33-b131-47d5-923e-78fcae71298a,Bug
0b51e96e-2848-4f29-93b3-235e3642207b,Normal
0b551716-1d7b-4ecc-917b-b6f4f05ab1f8,Normal
0bbc65db-ba8e-46ae-88d7-51fe2d4c5582,Water
0bf371b9-591b-42cd-9303-0b6c21b26e6b,Water
0bf4e7c0-badd-41b6-ae71-8c25ec1a4320,Poison
0c1601d2-2a27-4e95-b6e4-457f4db44913,Fighting
0c4e31a8-2c3f-4841-93cb-197a7425ee3a,Normal
0d19b90e-fc96-4f21-b8ef-2a52fa37c679,Water
0d3aaf76-1290-4424-83e9-6cb184a47eb7,Water
0d875373-8df4-4ed4-9c97-6bc2cbbc3137,Water
0db1126a-6c5c-499f-bb33-69cd228a7b7b,Normal
0db88eb7-d3f5-418d-822e-b45ecfa92cb1,Water
0db8ee62-2abb-41bf-a696-0cc6e26afadc,Bug
0dc0bae6-b3d0-4ef8-8038-442d16315968,Bug
0e5eea19-7739-4992-a91f-b9779b6a873c,Fighting
0ea093e2-091f-4b68-a39b-c7550450118a,Fire
0eaef4b9-40b1-4fee-9623-c0faf5c8f47e,Fire
0ef01243-6746-4fbc-8686-3d8ae4ae73e1,Bug
0eff3b6a-0ced-48da-9241-0a8eb685f20a,Normal
0f85fffc-4c97-4f63-b04b-784f6b62d982,Grass
0ffae214-05e8-4e32-b332-f86ba13d0fc3,Fighting
1022aa62-8d1b-44dd-9e3f-82fe27d8d14b,Fighting
10374948-841f-434d-84c7-ca358186be30,Ground
10845b62-5434-4111-a106-2aa5116081ed,Rock
1086505b-a6e7-4510-81fd-25a8bd2ebc3f,Poison
109cb7c2-fb5f-4938-9043-ab654f5a78d0,Ground
10be497c-f546-4416-8cd0-daba6543eaca,Fighting
111a74ba-bcfd-42bd-a7e5-9988169a98f0,Water
112de6d8-15ec-4839-9da9-75ebbfedbc54,Normal
112f3415-65bc-4ae4-98ab-bcf8a76a2fa7,Normal
1139b07b-aad7-472c-9917-f8ee0718f1df,Bug
1139ea1f-d36a-4dc3-8533-84152e832365,Fighting
11eb05d1-15f1-4704-bd7b-cf16e8310671,Water
12714c2a-b2a7-4ad5-85f3-0dfd22014be3,Water
13032995-53c2-4163-9c5f-dfb3451b6843,Fire
134f8872-70b3-404e-b6e2-43a1e9485a72,Bug
136d25f5-7704-4d3b-b4ec-0b83d008be07,Rock
139d992f-9d30-49ef-be4d-46b07a667ddf,Bug
13bd47b8-90e8-4f0c-9213-029c13ed33d4,Bug
13bf6306-1f98-45c0-95ef-31dcaa3acda9,Fighting
144d28ba-662d-4978-93d0-abecc3357afc,Poison
145bb1ac-1baf-4c93-b148-b2742c8e14aa,Poison
14c1a736-5f8e-4dde-9c20-fffbf6a4fb53,Poison
14c99bc9-a834-43e9-848b-09f8e3e6260c,Rock
15335d98-df9e-4cac-9645-e74d3e331adb,Rock
15c15f09-24f0-44e1-a9ec-dc3efd3dcead,Ground
16550efb-c44a-4386-9443-651a1d03b7c7,Fire
16a60282-7bd2-453f-8d42-f239e4f9d3de,Bug
17543a68-995e-4629-b3f9-6000b4126b5c,Water
175f0193-2c75-4e3f-901b-51267bd39193,Normal
17eebdd1-4200-4cc5-a019-a299c01e45c3,Fire
18890539-260c-46df-a7d3-36ace0d28adc,Grass
1896e3e2-11b2-4f07-8bd4-699b9098d0dc,Normal
191a27ca-a2e3-48c7-8070-6bea510f3674,Grass
1934b729-9859-471f-89a0-88e9823edeea,Fire
19439267-6637-4b2a-9ccc-ff69b3adf0e7,Fighting
19530f56-978c-42bc-8f57-8f68d651ee21,Water
19f23f38-3c5d-4c78-b5b8-770edb25dbd6,Normal
1a2cad4a-1e1e-4f1d-84a9-bc59df76a642,Water
1a72ccda-19e4-45aa-876e-dad37a89444f,Water
1aa2fe4e-f35e-40eb-adfa-d4b390719a83,Normal
1aa3b2d2-9c8d-40ce-b678-d286f3fc7d86,Fighting
1adcf3fe-6e14-4e39-8cb1-4ab005bc7df2,Water
1b12112a-3294-41c7-8546-b1a393843f55,Water
1b6b2a08-f37a-48ad-96ce-9e7f84b09d2e,Grass
1beed70f-11ec-4441-82a0-005e947cb47a,Normal
1c022d12-abd7-4b4c-88fd-74072dc9503f,Rock
1c77e5e5-b8d5-42fd-ba27-b99c2953d493,Fire
1ca55bd5-b848-4144-80ef-b3513c00ce1d,Bug
1ce84450-9a3a-4361-9352-49adaad23fda,Normal
1cef75e2-90e2-4769-8f1c-56c39e0858d9,Normal
1d368521-0578-435c-8794-e3e22939084b,Bug
1daf2741-1f64-47be-909a-c0bc236af04d,Grass
1e7511c3-bd95-4853-8675-626014836d6e,Rock
1f08e885-0d99-49bd-8804-3f4ef0cf9add,Normal
1f44cbd9-db4a-4037-875d-690bb674d125,Water
1f907dec-c111-4c88-9c39-654b19e3982e,Poison
1f9db64d-5bf0-4f8d-8862-ac0c91418530,Ground
204a327d-ad79-4fb3-b4a8-aa8989b69ab7,Rock
205c0c43-922d-44a3-85fd-39e519af9f16,Fire
20b399ec-9a6a-4d8c-af25-b3c9d9953fad,Normal
20e649b1-94fc-42c5-a00a-d1bdec47b20c,Fighting
210d6bd6-b92b-499a-8bc1-95414682ac78,Water
21813db0-4ecb-4b9e-bf8e-41e59d4ec4f6,Fire
21d907a1-8902-4156-93eb-b480c2e59a7b,Fighting
21f1a4ac-9dff-4187-a62d-7f5a7b1bf795,Ground
21feb68b-2787-405b-bf13-c6e40ed89869,Fighting
22af6a00-5735-4e7c-b601-df9ef9da10c8,Poison
22c4653e-3f52-4340-a1dd-8c305a097973,Poison
22d1d377-193c-45d0-b96d-8463e30dffbf,Water
22e68e52-ef1d-43f1-b093-457eb9d6727c,Normal
22e709f9-300a-4229-abf7-7ebf51f8a884,Grass
236fbcf4-757b-4bf8-9805-d858889e8f9d,Grass
23940094-a3bb-4b07-9ae1-8d410691d55d,Normal
23c1284b-60a6-4e3d-b8dc-400a7c5f38b1,Water
240eb7d4-dba4-4b32-817c-bd2ef44373e3,Poison
24dbbe02-57ac-4a56-863e-3e4cdfbca030,Bug
24de1292-e064-415f-971c-2242c0af6910,Grass
2524dfc9-dbc7-456b-b92a-76a174e88ae2,Normal
25cc69fa-24ee-4e97-b9ad-ae4026e05f24,Normal
25cf3665-6161-4818-8411-e3ad2384c8ce,Bug
26062b25-91ab-4cd1-88d4-bbd299b43d50,Rock
260b6549-afc8-4082-b26f-ed75224b71ae,Poison
26207749-bcaf-4355-949e-678733419e8e,Water
265fa921-6d63-49e9-8ec9-45dbeab0aee4,Ground
2768c125-3258-4882-8994-d61d66e0b907,Fighting
2771b8b7-2fd4-4f25-81dc-a39725781cfa,Water
277d766d-b42b-49c4-918f-f4627022e2b9,Poison
28320a35-583a-426b-bb71-f6c09505fdad,Bug
287f3abc-75dd-4299-9e83-01fb90a94674,Water
2899ff6c-6cf9-4ce6-9062-00787cf5c4fa,Fighting
2905240a-c59e-47de-a14d-1657715f32d3,Water
29160ce0-bd29-406f-8618-8de74e6f8a80,Fighting
29307228-f7fc-422f-915e-2405ecd1def3,Water
29843c11-cb03-4ec0-bf69-80e192b845db,Normal
29cdada9-8367-4ca8-aa7d-d9f6389ffd4d,Normal
2a243501-c8c5-4f61-8ba4-cb4faf40d900,Normal
2a6cba69-aea8-42b7-9fee-841f6eb17d56,Fire
2aa63087-2655-4d98-905b-137ac375b9a9,Grass
2ace8e55-1814-4e65-8ec6-bde15e91aae5,Fighting
2afd8150-ac55-4cdb-aa08-d01aa03ecbc8,Poison
2b09b5ab-6464-4781-9426-c84071a32e62,Ground
2b4f0195-5dc3-47c2-a37e-51a21b6116c0,Normal
2bedb752-3471-4a35-a92e-fc58a321ae24,Bug
2c97e9e3-e20f-43c3-b117-bbeaa83a441c,Water
2cc5dc4d-b46b-45e6-bdeb-fd49f0e3c123,Normal
2ccbcc63-adb3-4068-b4a7-484e01413c08,Bug
2d40d4d4-739d-4c79-8910-5999abd7f10d,Fire
2d931fd2-4ce2-47dc-a1cc-372e12c9c8d8,Fire
2dee9dd3-fddb-45b4-9222-c0147d2dba9d,Fighting
2e35c94c-d512-462d-a584-d307a80742fd,Poison
2e521906-8a55-4aeb-898f-34e341f076af,Poison
2e897f12-58e7-43a1-8398-a2a6d8d13e0e,Poison
2e97a5bb-baed-47ad-b1b8-6e77354de40a,Normal
2e9d1656-8dd4-4232-9c33-0013283053b0,Poison
2f3c65eb-1fde-42c4-afaf-6fe774b001b2,Grass
2fa87b1e-1e24-452c-81b9-435129298051,Water
2fd25607-46ed-4729-aba5-42821dff4f55,Rock
3022e673-170d-4c6c-b60f-b133f489af91,Bug
30ac2c10-8f5f-469b-85ec-86c0a3a7fa46,Fighting
3101620b-890e-48e7-9441-7b0b891fad7a,Ground
315447f9-6d13-4181-b3cb-ee9541c9c682,Grass
31d699bd-2090-4873-8560-69aade094baf,Normal
31db9b3e-3323-4582-b45d-1634fe331f75,Fire
31e39c3f-1e7f-4270-861f-eca3366c0465,Fighting
32561f72-b376-4ed0-8b4e-4cf7b61280f8,Water
32665b3b-8899-4c99-9c51-e595a4ad5be1,Water
328af5f5-9d5e-4169-8eeb-d6625b179558,Normal
32dac867-0622-4c33-81de-ff993d7f405c,Rock
338b2075-38ed-479d-98b8-d1f96cf69c85,Poison
33e5ccc6-7ad4-4042-9fb9-be73035c31f3,Fire
341c59fc-a103-4ed2-b9df-94a09420a08b,Poison
347fa64d-869e-4f09-8830-06b8b00dceda,Normal
34b6e61d-4621-4b2a-9785-033a8e359e1b,Rock
3583514d-9fd5-4f7a-9116-a0652b59a990,Normal
359c07b7-3976-4288-875e-d6ef788e8175,Poison
35c4f9bb-9fd4-4e4d-a864-da455cea6998,Normal
35cbab1b-85df-4bd6-a143-fe36dd12506a,Water
362399b9-263e-4142-ae1a-391dfed8d50b,Ground
3632b1fb-1f8b-4b6d-adec-e92b83dfca3f,Bug
3656d8b8-62cc-4fe2-acf9-eb94ad620d66,Ground
3672b57a-edc8-43d3-a638-07dcbdd0fa58,Normal
36935bcf-bbef-4ee8-bc33-d3b13f34b02c,Normal
369609c2-5df2-435a-a878-b3c6e15f3f3d,Fighting
36ac087a-c31d-4acd-ad59-4ff671ca68cd,Grass
370abf3b-a48c-468c-b705-4e1e8fa4236d,Normal
3713ed73-5604-4eea-8378-913d4aad49bb,Poison
3739fcf8-1a82-40c9-a28d-5720114f771b,Water
375b35fa-7ad6-4176-8d15-bd9b6bc13794,Water
3849955e-d1bd-4932-b145-78fff0cc7d5b,Grass
38d5a19d-431d-4277-89d2-63a16ee55e86,Fighting
39a3c5e1-7039-4ed8-8802-403ef7df019d,Normal
3a234618-a705-4a03-a3bd-5934dadfdb34,Poison
3ad1b5f5-059c-432d-a8e0-9b160450d069,Poison
3ae12a42-305f-4dae-ad7c-e65ae070aaf2,Bug
3af13f53-3f48-436a-a629-dabb82ee72d9,Poison
3af9e508-502f-4849-8847-f420365d6626,Ground
3b136eac-83b2-45f6-9e1e-cae777ef9e68,Fire
3b80cd31-0754-4e5f-b27c-69ab7950ec8b,Fire
3bd7cac9-cabd-4947-ac9a-25f298b5db02,Water
3bf7b98d-d66d-4eef-b1bf-747b6454e12d,Rock
3d413ed1-31f6-450e-8c42-7f4645a670f4,Poison
3e75d4d8-08d8-4d39-ba16-9c9bd37ff09e,Normal
3f027768-a8bc-4f17-b5f8-4150b3306c39,Bug
3f70746f-7526-4999-adac-9604e9a8041b,Normal
3f9377a3-7ca8-473e-ab20-8cfc7a6c2419,Fighting
3fb0c2f7-a12c-4a1e-be67-66ddad94f954,Bug
3fe98a41-d409-40bd-aba5-cca99544124d,Water
3ffe449e-f654-4d4b-8507-5668b4feb7b8,Ground
40250cd3-366b-4629-ae06-733dc79aafe2,Bug
403375d4-4e6b-4127-aab9-4c15016471a7,Rock
4050c041-4ff0-42c5-9265-cd8f2da1a5cf,Ground
40520345-5c9a-4994-a650-b27aeddd1c3a,Water
4063eb06-8410-4dfe-bbb7-cfaf4335f907,Poison
40dbe20a-7a5b-4614-b6c1-010ce52b7402,Water
40e170ff-9c17-4e9c-ad2f-fd632df3028a,Normal
410acde8-d9d0-464c-8aae-493cffff704a,Rock
41dfe2d0-d12c-4276-9d86-a1fc25e50fdb,Rock
42486d73-042f-47d9-8940-cde3632fd117,Fighting
4293c5e2-3ce0-4411-a6b1-db2715d75946,Bug
4343c742-b2b8-45e5-b31d-4ff41d81bd59,Grass
4377a645-720f-4c25-9527-03fd5f95cf59,Fire
43b32834-3e1e-4029-9a8d-69b372b5c4fe,Normal
44329117-58ac-4d6d-8f5f-9eccb212363f,Rock
44542dfd-fcd2-447e-819c-c54d7ffa5530,Water
4499a485-6791-4665-b143-7d9ec08aeda7,Water
44b70065-ab2c-4bb4-bf30-fa9cc7fb62a2,Poison
45413a68-6358-4c0c-9a6a-d9adb1aa966d,Rock
45a03291-e1a5-4c6b-b619-91101e79780a,Grass
45e8c7e3-e7f7-4c79-85a1-6c5e9bb4db3f,Poison
45ff2d3d-d8e9-4663-bf00-3042789d42b7,Poison
4626ca90-96f9-4d29-84ca-95624dcf3e9d,Grass
469356d5-b500-488a-a570-b0839a244371,Poison
46e20cf3-a171-4d25-bce9-2921be2519d2,Bug
470a112f-6dda-4503-9152-ecf61a0eb1b6,Normal
470e3504-0431-4589-a4d0-72f049327781,Normal
475ea33d-ec55-4264-8bad-62c7aace7ff0,Bug
47a0a699-90f7-4338-98ba-0ff68a7b4502,Water
48af9aa2-57d0-4024-a402-105bb40dc54d,Fighting
49d72f39-19ed-4289-b3ae-a59a15735e15,Bug
49d7753a-2bb8-46f5-a8ed-d8bcde352277,Rock
4a085c45-ae11-4b8d-957a-6ec7fc78e92a,Bug
4a0889e1-d73e-42ca-ba38-c41d79608f00,Rock
4a2668f1-fc2e-4994-9e02-4886737e5bf8,Poison
4a38862f-7c8f-4eb8-a0fe-4bbcc2411eae,Rock
4a832950-8df8-459d-a938-ca544f137b76,Water
4aae6c8a-086b-4764-86a6-266a29970d60,Grass
4bea35e3-4652-426e-9f01-b61c6db356fc,Normal
4c9b81c4-bcb7-46ed-9ced-ec0de0e4e128,Ground
4cdaea74-f629-436b-ba1c-4ac6b12f0d8f,Water
4d6331d4-cfbd-44bc-9f3b-ac02f4fbf252,Water
4e02f6d4-cbdb-44f3-bf46-211f400c0d87,Fire
4e86c036-926d-48da-84d2-7abc7f5ba29a,Water
4eaebfe2-35d6-4a35-aa57-b880f1a5801d,Poison
4edb3a8f-f812-4cff-a7d9-184a523f0160,Water
4f2d0057-3572-4641-85c0-721c6a100360,Fighting
4f6e18a8-f0f0-4f04-9ed2-8b593cfac4fe,Normal
4fedf692-4ec4-46ec-be21-52504b16b983,Poison
5067a15b-c5c6-4ed0-9fdb-40c5c0682eea,Poison
5073e01e-99a6-4c60-a7b4-2de92262d053,Bug
5083d9fe-54c0-4750-af85-4ed742a1cea7,Ground
50b68af2-dd39-444c-9fc9-c04df8e1a92a,Normal
510a8738-ca2d-4f27-a011-84acc8fd0f71,Poison
5180baf3-f483-4bf1-ae42-3e4c9cd455a8,Ground
52256aaa-5b96-449b-ba4b-bebdf12ae447,Bug
52a219cc-d338-4801-9bee-d9eb2f06e411,Poison
52e56fd0-0721-43ee-b41e-42d523de64d9,Bug
53476df1-6784-4f06-9607-01d7a0778004,Fighting
5361ebf7-6f21-448a-acbb-9b7e683bfc44,Poison
540bb107-8ac3-47a6-ba4f-429453cf93b9,Water
547d1e31-29c2-43a9-88f5-cf40419fd7e5,Normal
54dafac7-e5fb-4b57-a919-50709d3636d8,Rock
54f69226-5b29-4d13-b7bb-738d0b5be996,Fire
55210020-947a-4ddb-b963-b8e5f4974c3e,Grass
55491080-7aa5-404b-ba5d-022b42ce12e4,Rock
555bffd4-0386-4d92-95a0-d341101b634e,Water
55689706-8a0e-41f3-af76-955b2f24c8eb,Bug
55f5d22c-cb01-41e5-a77a-94110c4950c3,Poison
561a9225-0b20-4ebd-a894-20899ada69c9,Ground
563136f6-8491-4d11-a91c-2ae17fbd3125,Fighting
56b35917-8893-4fed-93d3-a086ba9821ad,Normal
56dac37f-3f76-4263-89cf-fc6c74db63dc,Bug
5728d322-8ce8-4106-a5db-21447dc2f1c5,Bug
572f12b6-2121-4172-89c4-78034fda5595,Ground
5757f94b-7b4a-4f08-8e90-41e2819d1930,Grass
579ebe0a-b95f-4ccf-b7e8-b628f8ef8672,Ground
5840e5b0-412b-44d1-bb53-82c02fc512f2,Ground
5857a4f0-5ca8-44b0-95ba-c0631e786b40,Fire
58d128dc-2081-4c25-8148-378b787db603,Water
5945e2bc-6b30-4736-a7ee-974a716ffed6,Rock
59a6be50-7449-449a-86d0-510d91c7fab6,Ground
59cca585-f365-461c-bf42-f314e40e868e,Rock
5a6227f6-a397-4325-8db0-1f1c45553c67,Water
5ace7640-d0cf-45fd-b7ac-a8e065478ea2,Fire
5b3761d6-79c0-48cd-b4fd-a8e596139b55,Normal
5c10e458-54aa-4328-a4f0-bbd7ca7c2663,Ground
5c226a73-c0f7-43de-b6bf-d85464acba2f,Grass
5c31bcfd-6cc7-41c0-b908-085b716d47c6,Normal
5c39268e-55f7-40b9-be5a-d29eeb333e2e,Bug
5c60f5e1-da32-47f9-9001-99d6ccb8f277,Water
5d68f5b7-f756-4868-9dbd-722c8ddfbf6e,Poison
5d900c81-dcf2-4a48-b4d0-329d8271c7ab,Bug
5df029f3-b34a-4926-b5d2-c84a4842e0c8,Bug
5e75ec61-1511-4c5a-a348-5e5ac8a56d5d,Normal
5e81e2dd-b45d-4e7a-ae09-4acb8d65d3f7,Fire
5eae2b32-7efb-4d61-b9af-6df461101793,Grass
5ee45a8b-096d-4fac-b916-cda1358a9be6,Grass
5f69f0f3-1fa0-4091-b22c-7af5de492e18,Water
5f8abcfa-c5e2-4404-9fa5-18d5368ea41b,Rock
5fc80029-d5bc-46c4-88ea-55b9f5f28652,Normal
5fef09bd-8f5d-4242-b37e-53c178e5b02a,Normal
60054945-5e85-414c-aa32-caf8015887b7,Rock
60f87f09-eb2a-45db-be78-d6b846c03931,Poison
615c7d0e-5f32-4006-97b6-85aebca0d7ed,Normal
6188bf93-40a0-4bc8-a5e8-0cd18fa9ed7a,Poison
61aca966-4e4c-4c1d-8a57-71b2acd296f4,Grass
62317de9-38d2-4615-8c05-90cc4789c25a,Water
6293de67-a251-45ab-ba6d-4006977ceef9,Ground
62b6873b-c9d1-4c96-a47a-a273357d32e0,Fire
634bffa6-727e-470a-a997-33996a946965,Normal
63ad6b1e-7b79-4f21-a12a-e5271636ff2b,Fire
64201617-c401-44ae-96a8-c689d0ecfea9,Water
645a9584-e261-4ea0-b9ba-5a45d29d7f34,Ground
64734efc-8d04-4b95-837e-6f4eceaaf92b,Fire
64998b80-f7e8-4953-bc2b-c80215f14e49,Poison
649d0115-fe1d-44fd-bfdd-c1af45996715,Rock
649e163a-9bd1-41c1-8a3b-731ed7db71d8,Poison
64efb6c2-5035-4402-abad-3c2c0951ca4b,Grass
65074fc1-313c-4285-84f7-c12c6d8659b6,Fire
653de930-9bc5-4aea-a1af-9cc656f8b03f,Bug
65729018-7d4c-4d77-a203-2ca7a1116302,Bug
65d9c533-2b63-4aba-8f75-81b3a79b8a1e,Normal
66188416-ba27-4218-bee9-eebc990fe59a,Water
662d4c19-fb86-4c5d-8604-dd551c1b9726,Grass
666deff0-dd8e-4877-9de3-7a0fbd48513d,Normal
66b0adae-9ce4-4bc7-8368-959c1a6365c6,Water
66cbc0cd-233b-43f5-8f71-24cc2255a297,Water
670981a4-794e-4709-9620-1cf80a100b3b,Bug
670ab0dd-9341-42da-b21e-aadc5c8c8ea1,Fire
670b5349-f427-447c-9895-d0703aa0afa3,Water
67b0c9c5-4da6-4df4-b361-a096b98a9aba,Normal
67be8a75-b958-4c02-acb6-a31532eeafec,Water
67d21cde-d18f-4c30-9713-1baae26a15cd,Normal
67f73d85-44eb-4755-b674-7ef2da4e91f5,Fire
68443855-52c4-432f-b0c2-af172f489f8a,Fire
689a6d7f-b90d-4e5c-af2d-afa2aad83630,Grass
68c9cc00-f2bb-4c53-a927-8d58829c8e1f,Fighting
68dc17b8-32a2-44a7-9a44-4c031cec4cef,Poison
69bd68be-9967-4928-85e7-3510085331da,Fighting
69dd76e6-36f8-44d2-b103-0025486fd456,Poison
6a19cd00-24b8-45c6-9763-39fcd38d6d88,Ground
6a433ac3-57b1-4ace-a290-64c6f89feb61,Bug
6a605f86-f8eb-4075-93d9-171d797e93ff,Rock
6a82055b-4300-4bcb-a9d8-c01958f6aca6,Water
6a9df403-1c6a-496a-9406-b9860b867cc4,Normal
6aa11ec8-ef85-483c-9cca-85b0ccd5a77d,Normal
6ad7b9de-a149-4f00-a352-bfae41300004,Bug
6aeb9604-7cfe-4279-9264-aec35961cd63,Fire
6b4abf62-fc67-417c-af87-e5659a999d3c,Fire
6b5eb395-fbbe-4644-96b9-3756094254fe,Water
6b734d5e-b796-4690-895e-003e9c2320cc,Water
6bbbc5dd-77a2-4549-af17-2b81bf33dbf5,Fire
6c41502e-b980-4423-9f5f-a95d0f678735,Water
6c5d1a65-e4d7-43c5-b0ee-43c99634c6da,Poison
6ce4f302-a34e-4efe-a362-a80b02d2cea6,Normal
6e171316-848a-4602-994e-a41c1665f863,Fighting
6e270740-7a34-4e5a-8299-b946dc3ba693,Poison
6e28f700-43ae-443d-97ad-ef1d9c637e00,Poison
6eb7f9dd-16c7-4524-873e-02fd998e82fe,Water
6f5372e0-7565-4d4c-893c-2e5ee0992844,Water
6f8ba771-122d-4aba-a9a9-f2c431256ece,Poison
6fb61cde-2a77-4e06-a93b-40310f0b67c0,Grass
6fb72d45-c1fe-4de2-8942-108afd8c9be1,Ground
70185fc6-6526-463f-95cb-21858f185a76,Normal
7053fa8e-715d-4031-baff-22273b35a807,Poison
70a531dd-5b35-4314-8474-c00bd2253974,Bug
70a67451-dc6f-461e-83f1-8c580d70c192,Rock
70db23b2-6683-4f3a-80cd-1e99b199871c,Rock
70e47a1f-f945-4949-8c8a-9b99c2555e98,Fighting
714e832d-bfc1-45af-a3f7-38ca9a0dcbdc,Rock
7188c568-ce48-4011-b2de-97c1f293075c,Grass
71e564bc-6487-4b66-8f24-c0c41ec2279e,Fighting
7219cb6d-38bf-49d2-9afd-2aa55cd14d8d,Normal
725d0df0-3834-4384-b3ad-efb8b674c286,Grass
72d729e2-1c39-473b-a261-7fc1952523d6,Water
7323572e-e12c-4262-8bdc-851b3b81fcd5,Rock
73551b75-f578-4ae6-95da-d24d8a2327cb,Normal
735e6534-527c-4293-8db8-3f0612867c34,Bug
73c20490-fb20-4806-9e68-adc8b9696340,Water
73f75289-f37b-4b0f-bf3d-2276353af36e,Water
745311c8-42ce-403a-a571-3af0ba01978e,Rock
74a2cb7a-f277-4a09-aa16-5edc9c51d1f1,Normal
74a46f95-e2d8-4ab0-a5fe-829255810f4a,Water
75303c72-e67e-4df9-a8d1-d38226c55951,Water
757c554e-79c8-4325-868a-77a65f28d3f2,Fighting
75d5ee89-9023-4734-9f0b-e211443a5a6f,Fire
7663905a-81e8-472e-84e4-e75f525a295b,Normal
7679d7dd-497c-43de-83d7-b5e71acfd29d,Water
771bd53c-e073-418a-bc78-a465b8bff862,Fighting
7725911f-5ea4-4146-a548-50a0746692a4,Ground
776344c1-6618-41a2-987e-0d893a2c59d0,Fire
776b8973-8d98-4ac1-9b30-79c8ac455ba5,Rock
77ba5a86-c880-4aa6-afae-c4543df04929,Rock
77ee68e8-bb36-46d5-86b2-7f16c22ad2a3,Bug
7888a83c-52ff-47a4-8654-4418bb73c126,Poison
78aedef8-6780-4358-af7f-7696160502b8,Ground
78ed7c4e-7fb6-4b81-acf1-540379e27e82,Fire
79a8951c-bcd1-40fa-b128-64a7fa4b2351,Rock
7a3eccde-d08e-4146-93a1-9f64151a0cd3,Ground
7a710a21-cb86-4e18-81fe-ea52478d1ae2,Poison
7ac8dce5-97a1-446b-9482-0edc96b7487d,Normal
7af36dae-8dcb-42de-b4e7-1ea320a5ded4,Bug
7bd4ba74-e688-40da-8236-24ec31ea259f,Poison
7be79245-155e-470e-b5da-845bfd8a591d,Water
7c2ba326-314f-4a74-9932-f639cdb5e652,Rock
7cc4d09a-bfb9-4b21-81ef-a5e453b6784f,Water
7ceee021-367c-4ee6-8dab-8c2545b63eb4,Normal
7d132ebd-5837-4cb5-a0e4-717a931dfc35,Normal
7d32e99a-1e8f-4ea3-be85-6e25d8c98b52,Poison
7e6b5749-4691-4eb0-949f-362b0b90ee6f,Grass
7e810b60-96df-4b15-ba6a-38ed75ea3a3c,Normal
7ea2cad1-455b-44f7-a0d1-4db3fbae704d,Grass
7ea35efa-ba62-4371-aadd-ccf400ebe64f,Normal
7ebf8b40-ad8b-40fa-ac7f-cc3659c71627,Water
7f66ded9-e8e1-42df-bc1f-8f311d4a9d57,Poison
7f70001f-52a6-4b1d-b2e8-e0ffe618736c,Bug
7fc07d4b-1248-4f85-a22c-042dfca1c4ab,Fighting
7fc10932-32ac-42ca-bf84-bd16f95dd5f5,Bug
803729b6-82b8-4083-8876-a4f2a60dc82b,Grass
807b3491-00a1-438e-b4b4-cfad655bb142,Normal
80ad4434-3cbc-41e5-a5f9-1c59e05acfd4,Ground
81706abd-503d-433c-8cf9-fe32bae41af3,Fire
817f64ae-ce20-4a66-8e82-9d2e9e0c97f3,Bug
8198f56d-42f0-42da-a22e-0c91935e49f1,Ground
81dd1d5d-138d-4c39-bd62-ae50d0a4350f,Ground
823dd236-01df-4847-b04e-341eb6740b57,Poison
8251a3fc-c4a2-4ec4-9193-3439ab1ef7a4,Grass
83281207-67cd-4a17-948a-492babccce8f,Fire
83a531f3-70d7-480f-8aec-a8af90b5e7c7,Normal
83c00f74-7a7e-4dc0-80df-00958b861678,Normal
8430251b-716e-42ea-8f73-0f254ae1baef,Bug
84c7db11-cc67-4e1c-9683-d7b90391349c,Bug
86414d4a-f9a6-4a96-b269-03fe5077d8ac,Normal
8665aa21-bc80-4d94-98ef-a9541fb7980e,Water
867ce3c0-63d2-4805-9faf-18405bd3d284,Normal
869f13f4-d1fd-410a-95a2-c268568f8b68,Ground
86f84439-61bb-4897-ab12-ac7c8a237ad7,Ground
87200aab-b65d-4124-b9e7-173c8e6ead37,Poison
876e7540-8a68-441e-93d9-da2b6d726fae,Fire
887a156d-231b-46c3-8d8b-0b9698a4a061,Grass
88fbf2b1-b7b9-4055-a760-3fdc4bea414b,Water
890de917-ffac-400a-9cad-0b17132332b9,Water
89433b36-2f9a-479c-b72a-41eb2ad19241,Fire
8a5d2c9d-24e4-4b4a-b711-7652541aa018,Rock
8ad28a11-b2dc-4cea-aaa5-18cb5ac00f5d,Bug
8afa13db-bcc5-42b0-b23b-358b3cae753b,Poison
8b054164-e948-494d-b36e-01c4044434b8,Poison
8b3f87ce-202c-49e8-be92-ebc020f24aa3,Normal
8baf02d3-8bc0-488e-aeea-29cb905f7f32,Water
8bb58ca9-50da-4bed-a9b2-7c9f5c067ac9,Water
8bc16703-5b87-4b73-8288-4ff97a403a13,Fire
8bca5a9d-e521-406e-9cec-99561bafd235,Fighting
8be2f473-a8aa-4f09-8cbf-81e33c5c95b0,Poison
8c9c4aa1-5ab2-4f21-ab7f-bc5c47fa84a7,Water
8ca02d47-15a7-46d6-9415-5fe3ec049ea6,Ground
8ca8426e-35a8-43d3-8c15-6c02d36f6590,Normal
8cd72b57-f39c-4df6-a883-02026a601608,Fire
8cdf99c3-87a3-4499-a5a2-a4b68ec34a61,Fire
8ce6a3e3-5b2d-4e11-9155-31dc8c031dff,Bug
8daa0e22-6cf3-4ef1-aca7-4fc711e2d7a9,Normal
8eeceea5-ecfb-4f64-a723-99e5070d30f4,Water
8f25713d-2601-4b39-b6f2-519eae81f40a,Poison
8f3ca39c-be58-40fa-beb1-d85c6b98573a,Fighting
8fa3f100-c8e5-45c1-86f0-a07db4b104e6,Grass
8fff313c-3cc4-499d-92ae-150a4114b77e,Fire
9062489a-fdef-4d42-91fc-fadfa4107e43,Normal
9063381f-3bab-4fc5-ae2a-eed987c611a7,Ground
90700160-d0bb-4454-ac6e-d5185dfefc11,Water
908db75e-0589-4459-9a78-ed979a253fd0,Poison
914afc20-4e85-4193-9ef6-231cb080769b,Water
919514e7-53e0-4b0e-9726-7cc1b010ed1f,Ground
91ab7c37-7e0a-41a9-b2ad-0f6f4563093e,Ground
920138ed-aaa9-490a-822a-e1a1694fbdbd,Poison
925f0d9f-3363-452d-afb2-2ee184b12f21,Poison
9297bcdb-d1cb-4f10-a338-9e0f48ca9277,Fire
92e3369c-ccb3-4192-afa5-9a9c101f328c,Ground
93531971-bb42-4277-8f5a-b72ff1b74c15,Grass
9396ce5d-fb38-4a2a-9bd1-3a5314280947,Rock
93ba6c9d-1f77-4017-97aa-7a1ae92c0881,Grass
93bcd776-d673-47d5-b262-0d07a90fc548,Normal
943a1284-2fa8-468e-8a0b-7ea2d65351a1,Grass
94476a88-d5ec-4377-a3d3-1ce725b91254,Grass
9550552c-97b4-418a-b3c6-21a8aa911868,Normal
9605fe10-7031-489b-bb21-9143b4f72c74,Water
96123146-af1b-4c33-85ec-e589dc53b6cb,Fighting
962fc85a-0815-41ae-9edd-93ff1deb2408,Fire
96c8e1ce-3475-43ca-9dba-af2b736a6d00,Water
97288e1a-b9a2-4e3f-a414-198605d2d12b,Poison
977ab5c4-b224-4359-8b8e-d76e411d8972,Water
97d3ba4d-1dc5-46bd-a09e-8a937ab33798,Fire
97f3a824-7aed-4d61-b938-0e5a5d6dfc09,Water
97f3c05f-467b-4814-bd81-62187c781e85,Poison
9806aaf6-5359-49e7-9b81-d3c4332c5978,Poison
9844b2a8-5915-45b7-a5d4-6e9a0d830f0b,Rock
9867d121-a5f1-4d3e-b669-0e215bd5e8fb,Rock
98a659d3-e1c0-4f61-aeac-f7bdf1ee5c20,Normal
98c961f5-9edc-42ec-bd4f-76e7858d3582,Water
9922279f-fc0f-462b-a31d-c272828b2f30,Normal
993e8e62-abc4-4643-b5cf-44548f298d47,Bug
994bb8f6-6aa6-422d-8274-cb9b7e720e5a,Normal
9956f4ba-1711-462f-81c8-d0d8ecc357a8,Grass
99788fec-5da6-44e7-a2dc-821ab075d448,Rock
9a5ddaeb-7da7-46f4-9710-7cf707274991,Bug
9ac6648c-3d1d-46ec-b0ce-a11876ee97c4,Normal
9ae48975-6a03-435a-b214-b1f50879acc0,Grass
9af61439-d717-48ea-9820-81979137cd39,Water
9b082e96-44a1-4b94-bd28-f57d16d99e7d,Ground
9b773d6f-7a27-4695-851b-d265ac1aa721,Ground
9c01420f-9e4d-4fb1-9540-9fee7dfdf416,Water
9c202786-9799-4388-91a8-820ff5585f7c,Water
9c3235f5-8042-4444-9a95-2f6cf754f362,Normal
9c340ab9-8533-4df4-91b5-f17967408f11,Fire
9c5d65e8-062b-4c11-8684-ee69dc907b07,Water
9cd0bab8-3d26-421b-b2a5-52a08ae9aae5,Grass
9d88b080-9eca-49f3-8efc-2446a209e138,Grass
9d8d4e3f-f3a9-4d77-be99-3c5976990f58,Grass
9da2a668-b92a-4a95-8e81-7eb93207ea9a,Fighting
9dfdddee-d7dd-4ea2-8282-4f69f5ef48c8,Water
9e5f9d68-5fc1-4c8a-bf0f-f59cae21ae0d,Poison
9e71ae4b-17b3-411a-8759-8c25a7c1823a,Water
9f365972-793f-49cb-a145-093a82650e5e,Fire
9f46b1cd-ccab-4cb9-8637-c84b803fc383,Fighting
9f7a7a4b-8608-4cc0-bdc8-0a2b010accd0,Water
9f98e656-3d11-48d0-8b81-6460625158a7,Water
a02bdae7-10e8-4b6b-a38b-24ac44a835f2,Fire
a11fc3f3-6525-46cd-bc13-e90c39d160bb,Water
a123c434-ee7f-4826-815d-b0e66e937e84,Water
a129519f-30ae-4c0a-9502-aa1b02321580,Fighting
a1c51979-b9e5-4735-9a85-41a3ba63d986,Ground
a22883bc-b74f-4649-899c-d7bff1a196ac,Ground
a277977a-8db3-489e-99d7-f60ea7fd0cf4,Poison
a29e528e-0c0e-43ca-b300-1a537e3e0ee8,Poison
a2f7e983-5e59-4aba-966d-e205b949aacb,Fighting
a320c54f-5c25-48db-9e1a-8943ea646d43,Normal
a45c8791-8510-47c3-9135-95d0713c1705,Fire
a46c8694-e7ac-4b60-9116-7df204991742,Bug
a4711de1-8a46-4311-868d-67ae75340a8f,Ground
a48291fd-be64-47df-bd46-73f00bad911f,Poison
a4a77ec2-5d5e-4ebc-a598-e1cf54fb963d,Fire
a4c17e89-9378-4cd3-aa21-94948b38dc14,Grass
a4d71f6c-fb45-4bf2-938a-6e8a2ee2d104,Bug
a5800652-5f69-4490-8514-3f0193c9340d,Fighting
a58c95bf-bbc9-4c61-be40-6e6fa841245b,Fire
a5f2285f-f2bd-4583-a621-f9aa7c9f8ba6,Poison
a6618ab7-835a-481d-8295-e25cba020630,Fighting
a66cae6b-f0d7-4a2a-8ecf-453b52980947,Poison
a689c7db-a40e-4b62-b103-170c478ef735,Poison
a6beafaf-d7f7-4d56-ba36-62bdbeb989ef,Poison
a766b711-ac65-4b9b-9617-cbe2bd5eb705,Fighting
a79a8472-379e-4b36-8462-60157f6393e5,Bug
a7d375ff-2db1-4433-a78a-12643c26d369,Poison
a80915ef-9b88-46c9-bf41-284bd49b4517,Bug
a82df1fd-5409-4e03-8ae8-28bce67df50d,Normal
a84169d8-f646-44a4-8b8c-0d26340af945,Poison
a84ae1e8-3320-4872-8abe-2814f96aa7b8,Grass
a88ebe1e-f446-4b17-a7b5-8005c5b9a7d2,Poison
a8dda1fb-0c2f-4e83-9c83-b69507fc26a4,Fire
a9291ea6-d414-448d-aa92-a72977188ac3,Fighting
a9a15961-d72a-4097-9535-4ca1e7a911ad,Grass
aa26ccd4-3332-48d8-8fef-d8fe65aaab97,Water
aa3a4ff6-e3c9-4d98-9bb1-6ec768d2a9ce,Bug
aa4a2359-3eb9-4918-87f1-c5b797e1484d,Poison
aa5cf0f3-74b5-475b-aedb-81a1f3d86b73,Water
aaa3ea9a-26d1-4474-8457-ff504790b28f,Grass
aaad9c8c-890e-4624-9d64-61ed3bb43c7f,Water
aadd3222-2d58-407d-9709-651ef9f08f7b,Normal
ab0639bf-591b-4db3-8db8-1cefa4db9a82,Ground
ab1b4800-e583-4c88-90ae-5dce7c254a33,Water
ab1c0b33-3940-4b44-ad5d-b888d6538581,Normal
abcc6939-7387-4759-9bfa-db4206aacf97,Fire
abfdf971-30e2-49ac-af41-173f180e2594,Water
ac28f19b-73f2-468f-85ac-e54af9484633,Normal
ac488589-c63f-4097-82c4-a66ce6355e9f,Fire
ad250901-3cb4-4a41-995f-1213f9796b2a,Fighting
ad9a43c9-4db9-47b2-9997-10a5d8a4fc5d,Bug
adfe79cf-7969-4e50-a9d4-05d64922ccab,Fire
ae53da21-5387-45f3-a5d1-ee6238fa5287,Bug
aef81a4b-8cc6-4d55-8c6d-f0793628aea2,Bug
af3bd124-f283-4035-833e-10c2979a6ac0,Water
af472d44-327b-4dbd-bc4c-4051c2263d4e,Water
af6b2438-1298-4c01-acbb-7fabbd52338b,Poison
af9de3b9-d26f-4ec0-82cf-3a579f858ab1,Grass
afa92a43-3f11-4f43-a925-3862eb22c635,Bug
afaff86b-b3f7-4225-85b0-51f2d86abc39,Grass
b0196b9b-3ac7-4833-ac4e-00b2b037ee11,Rock
b05d1660-f348-48d7-b8b4-4554a1b32ee0,Ground
b064e6ac-2b9f-433c-b569-de6c31c7bd55,Fire
b0b03eb1-9762-4878-b5eb-351a6eedb260,Poison
b0e8f875-dc11-4b04-bae9-c0d7ecd34e38,Normal
b12a96e8-f5ad-4b1f-b496-3f30d12f0640,Normal
b165bc68-e7ff-4498-b38c-718418ee6a7e,Grass
b206634d-2986-4ceb-ace5-17097c32a005,Water
b20c8997-7203-4bea-baf5-e2d0b6eab8c9,Rock
b3480245-81c0-4aea-bd56-0923fc6c9127,Poison
b38475b1-30f5-432a-9595-3675e6eaf31f,Poison
b4042adc-36f4-4397-958e-562dfeebc541,Rock
b405d334-19ef-4657-9c33-0decba648505,Fighting
b4255bd5-4c5c-4266-aded-259b648a6943,Water
b4525b78-777f-4f6a-bf22-195ecf97ef6f,Grass
b484dd5f-e172-452c-bbf5-deda8448dce1,Normal
b4924b1d-3255-49dd-8f47-403102a12cb6,Rock
b4b5a036-bf55-46b7-9a17-ec11f52cef76,Fire
b72e6c96-d0cd-4f9a-bf2d-3d2251e8d4f8,Grass
b748c419-4520-4d9f-bfa1-a8998f7474c3,Fighting
b775fcfc-4924-419f-bfd1-8f89bf31855f,Water
b7b369b3-62de-4f21-bdde-04cbc5e189b1,Poison
b808a4d1-add3-4d4a-8595-3807587618bd,Fire
b83f4728-a300-4f8f-80a6-bb80d817c166,Normal
b85c705a-8f97-4b5c-a6ca-93d3a19bbf8e,Grass
b8714236-4ffe-45ca-8407-b2464953a1de,Poison
b87705c6-2c6a-4ad4-9142-37da574080f0,Water
b89669dc-46d2-49ed-8b77-eb40a9106be2,Fire
b89d662c-0b9b-443d-beca-61ba50a759a1,Fighting
b8c29d95-2a9d-4fbd-94ca-1e20c3ff0ec6,Ground
b946486c-3c16-43e4-8198-23db4859eb30,Water
b95b5762-f523-4afc-ba7b-bca8af741549,Water
b9acb93e-5ae0-4471-aa84-454aa0ea5cb4,Water
b9e90a98-6cee-4436-91f2-f7ab146dd6d3,Normal
b9e93a3e-2b02-454c-b749-4f2271937952,Grass
ba7362d7-a1b8-437f-b202-9eeeb01161f4,Fighting
bab77fa2-ff41-434a-90bd-05099799c7a0,Normal
baee95fc-d9bf-4a17-a37c-3ce38735b63f,Rock
bb0dbe0a-c8c6-4350-ac48-7f03098e9a8d,Normal
bb4b9c36-4a15-4a03-950a-fcfc41166885,Fighting
bbdfb0ba-056a-4c33-a50a-a07271d6408c,Fire
bbf05ffd-929b-4775-b199-2fe722680cee,Normal
bbf717c3-e00b-4842-838b-f1a1bff2ddb0,Ground
bcbd2325-842c-4ef3-93ca-615a71588ebc,Fire
bd13b63e-1629-4328-9ab4-96d9fd9c8c85,Ground
bd72b13a-be12-4715-98e7-14e3b8c46eee,Normal
bdbbe342-4e39-41c9-b8a0-97940eba51da,Fighting
bdd872d5-dbd8-4056-8f11-749d9a0bc222,Grass
bdf383e4-f245-4c64-ae3e-b3e41db21ce5,Water
bdfb1fff-2cd3-4918-a857-81a5f9eebae3,Bug
be3c9b94-0136-441d-b86f-a90405aa2550,Fire
be5f472b-12fc-42c7-a29b-fe048333a44b,Normal
be85652a-9753-4e8a-ba6e-6fc806a118ab,Water
beb2d256-1a7a-49b8-8330-3d46d9cd3390,Grass
bec69917-d747-4655-8545-b8db84d3946b,Water
beccd6c1-e0a2-4e8c-923d-e36569a9ed5d,Rock
bf749164-ef1b-4a27-92ed-99e7eb5b3ae3,Water
bf8f4127-7a0e-45df-900c-8488091aa15c,Normal
bfe811c8-d4b8-4a52-bcbb-fc83781d460f,Water
c0463c45-48dd-4a08-9a52-6e4930e3035a,Rock
c049c6ab-bf3a-4f0e-969f-b2d2a9e440cf,Normal
c0fa4437-a43f-4bf6-bd96-de2d6264b002,Poison
c0ffaa40-8025-4c36-b5fb-741db16a30d6,Normal
c103725f-941d-4972-8d03-70b1394832db,Normal
c10dbde8-77cf-434d-8546-84b7ed949eab,Normal
c113a1ed-d32a-4161-8383-6885a8284450,Grass
c11957bc-3353-42c6-a3a7-48a0287ac34f,Water
c14df50d-37ef-45b6-877d-fa47da2106e0,Fighting
c1650653-5ff8-4928-9452-ca32d732f5b3,Fire
c1de0a50-8996-4cbb-a29a-a6d6d006e784,Grass
c1f126f1-3c6f-45fb-a510-a9b3b3df3059,Fighting
c26e73c0-6e1c-4b0f-aed1-e28c81139fbf,Water
c2a883da-52ad-4295-8f45-c2c564403a0f,Bug
c33e9575-4e92-4966-85c8-e248370b37eb,Poison
c382660e-15b4-48a5-8d7a-be0df66bd7ea,Bug
c39f9dd0-9f42-4bfa-b331-6bcc43798575,Water
c3c99a32-6bb3-412c-821a-7a03eaa81d64,Bug
c417471f-7693-416f-8a94-9e53e676b326,Bug
c44e6701-eb37-467b-bbb8-630ba5ee9b65,Poison
c4d628d1-c797-4ad9-9862-b00ff7b2732e,Normal
c521f6a9-8a89-4cda-8b6c-86089de44524,Ground
c669d47b-3c40-4f9a-be30-961d7965b40c,Water
c69ad01c-e5d5-414d-81e3-6fc8e92d04ac,Grass
c6bcf89e-cb27-422f-a1b3-f035831dcc87,Bug
c6ddca3a-3ad9-4e4b-938c-17171bc43224,Water
c7026b99-2d24-4b54-9f2e-91c2be39ec1e,Normal
c71bdc40-65b6-4932-af79-bd00c751cd17,Bug
c73d0a97-f325-41ba-a2a7-7edd732c9303,Bug
c7428f32-5462-477a-8d33-776843120592,Bug
c76c5666-d795-433a-83fc-7a01e878c335,Bug
c7c27708-e374-4fe1-b84f-a73fdd626761,Rock
c7f8633c-ef93-4004-840d-7e335585c3e7,Water
c882277c-5f27-4e9f-b7f5-d7e70086b5ff,Grass
c903b288-89e0-42aa-ae53-845a6675d51a,Fighting
c9ab7a00-2b47-4e69-a637-2801d97bccb1,Water
c9db3291-a7b9-4600-95b4-c5f0db8c8d1c,Grass
ca445470-5643-4771-8f33-885b00f16342,Water
cae963cd-f87c-479e-ae2a-4672c9a86e2f,Normal
cb1ba789-2040-48c9-ba57-e4596ef82a5b,Ground
cb1f67ef-dfa8-4598-bec7-5b5cead18d9f,Ground
cb8c99be-9327-40a7-a24e-3e84d9c295b4,Poison
cba7ba76-cb68-4fe6-9583-3a4e75785093,Bug
cbc180c2-7b9a-42ff-96b9-dc512113149b,Bug
cc02126d-9922-4644-862f-f53dae4583e9,Fighting
cc554127-8036-4426-aa89-435193374978,Bug
cd795ad5-5a66-4b15-9823-799c557f3605,Normal
cd83e06d-03d0-4f26-b8a2-336793a16e1f,Water
cde28436-ce5d-4904-9d3f-8a3ed6518fcc,Grass
cdf63e40-b9f1-43ff-9f79-836f8651e5a9,Normal
ce294a26-fcd6-473e-9624-d60d6db721f1,Rock
ce71c6ad-0353-427d-994a-4e97a0044d81,Fighting
cee80c93-2712-493a-ab64-790e2585e059,Grass
cf3f4e69-9033-4dd5-aa18-8e6aadae82c8,Normal
cf9e63fa-8473-4ab6-aebd-cb18db7acbbb,Normal
cfa2a07a-3a15-446f-9c16-a9a90c5e19e5,Ground
cfda99cc-1751-4677-a179-a7b83d121f17,Ground
d0070487-0a42-4d66-b99b-1ce9b315ea25,Rock
d00ffd3e-a67e-421c-9b9c-9ac93e4610bc,Ground
d02e4724-c0d0-4e66-bbcb-cb31acc924c4,Water
d06a29a1-0e81-49f9-934b-463a193cf5cc,Fire
d0d97e3a-285e-4b5a-a2a5-ab8b788ac001,Bug
d141974c-c053-4c65-9df6-c96f8798824d,Poison
d1e6a8e2-4f85-41cd-807c-d46d9e8c0c27,Normal
d1ea10fa-9e30-41ed-acdd-c9c45f2ae933,Bug
d252a2df-0489-4ac1-b6c9-67d8c7a9047c,Normal
d255d416-76c9-4207-aeaf-0735cc12081a,Poison
d2bd628a-1e7a-4863-9cb5-da3f86ef374c,Water
d35ab13c-0254-4d33-b3c6-d5ec038a431f,Water
d37971f3-59c8-49b8-be77-b082a053bfe1,Fire
d37e7f07-de3a-4e49-87ac-2e33057c7bb1,Fighting
d39b524d-bbdb-4212-b7f7-6bc7c74f819f,Water
d3aec9d7-416a-48ac-a47a-93b83eab4851,Water
d3df359a-f25d-4e05-838e-eef269f62fdc,Bug
d3e17b40-8f15-49d9-b275-8d13e31cd04b,Water
d4585edd-afca-4025-b9e3-7e3792bbd844,Fire
d4876a0c-f7db-44e3-bc16-6386c5d91d33,Grass
d51ddae1-3026-488a-9b11-0a46ecbe609b,Fighting
d56cf3b1-4a70-4200-975a-48e2c96977d2,Fire
d59483be-6fba-471e-9d69-51637a227e54,Normal
d5b3671b-57cf-4439-a6d6-daa6e2197120,Fighting
d6244889-d42a-4b2a-a3bd-9a0c0c8d6eb2,Fire
d626a181-594a-4021-9a22-b9ce14944bfc,Fire
d6293bca-a649-400e-95aa-50f7f3388261,Rock
d64022c4-606d-4cbd-b826-1f005363f2ae,Water
d6c1b333-8544-4362-80b8-5acbb5a6623e,Bug
d6d44260-dd92-4996-afa3-59bed6aa241e,Water
d6eba201-1dd6-423b-82fe-ddb7704e8d8b,Poison
d71e7726-bc19-4ab3-b526-620805c1d658,Fighting
d798770a-271a-44af-8043-f892b479ccca,Bug
d7b21eb7-9d1b-4e2a-8f4c-57036d9de288,Ground
d7d20abd-55c4-47eb-ae26-e92de1c577cc,Water
d7ddd57c-98ae-4d36-b82b-18a9c7854fdb,Fire
d7f5f6a4-8edc-4909-a9a5-2192f9534aea,Rock
d8101a00-ec47-49a1-9ba6-7b66efec1e91,Poison
d83ca244-b21a-4835-8716-79ec66113729,Rock
d84d5a09-944c-40d9-8f11-d133b936d881,Fire
d887b8ef-5179-4c20-ab96-0a55f60d709c,Normal
d9682950-db23-4c95-b5aa-b702fba8787d,Water
d9687204-8fad-4894-b323-86c7c0e5238f,Water
d9e35c0d-ea59-41b4-b328-31585ce8f440,Fire
da173044-1169-41b8-b6d8-d83ae5f44ca3,Grass
db2a3a85-64ff-49ab-a6b8-bbcfd8138028,Normal
db3aff23-189e-42db-81d1-8b8d25d470c6,Rock
dbe1e30b-9394-4c44-b43d-2efe1d2d25fe,Normal
dc3f2288-2ec2-44b7-9f0b-dbd00c993fcc,Fighting
dc685471-a3e6-42d6-ab52-6ef742c9cf6b,Bug
dccca416-a59e-48fd-aa14-694ef1d8a240,Grass
dce1ae86-b035-4208-9129-83c46f16427a,Water
dd0a07b6-c3d0-40f0-9a88-90c6c7dc2610,Normal
dd303cbb-30bf-438c-91d7-2999cdf7c98b,Normal
dd59cf4e-073a-4e55-9afb-425b0c35ce07,Water
dd5e21cb-024c-4604-87f3-cf990e1b275e,Poison
dd663556-6c51-45f8-bea8-4174584a05a0,Rock
dd8d5676-af84-4d68-bf27-b6f09448f50f,Fire
ddc405e3-8997-4508-a927-3f2e333fdb85,Poison
de0781ae-91ad-405a-bb99-168c2f874708,Bug
de172913-9608-4732-abbd-0e3041b4a81b,Ground
de660be5-b55f-40f5-a04e-6caa7de7d99f,Water
de7fea19-7f2e-45fd-88b7-8a5869695258,Fire
dea89501-d1b1-431a-8f18-46876a482e56,Poison
dee20633-3cbf-4516-ba0f-02ea976e018d,Fire
dee43299-2e3b-4629-866d-8bcde079f6bb,Water
df060632-b782-4e88-b468-da3e2f83be45,Rock
df6f01a0-1ebc-490a-b8c7-18821efb64ae,Normal
dfcc1ad1-9d2f-491b-b801-e8b73d5530cd,Normal
dfefcf0b-deaa-4c1f-9a04-fc7b8861f3c5,Normal
dff7f0fe-d1d4-4013-a47b-9c0532217bbe,Rock
e0228491-bb42-477e-baa7-a1edaa5a89f0,Water
e040082d-63e3-4004-b575-2b344f0c26de,Normal
e1cc1f2e-6cd1-43aa-87d0-55aa609d12a3,Water
e1f532f9-6e01-43cc-9db7-8f6c5969ac46,Water
e209d0f8-9b5f-4bae-be49-a02452e32ce6,Normal
e2adfe39-e9e6-4d07-b09a-6e3eaad9e015,Water
e4259644-c236-4157-859e-beb39c284bb6,Poison
e43cda0d-e4fc-486b-88fb-06d6a72af2d4,Rock
e4974bf9-c9cc-43d3-8998-b9babbed9ff1,Fighting
e59d5eb8-6593-4187-b9ab-95f8e5d402e0,Fire
e664fbee-fe35-4f49-85c1-53042cd05763,Fighting
e67301c4-f0cf-44d9-934c-eb5ca5ab1ffc,Rock
e74e5b2d-b214-4e37-88fd-e85f26161206,Bug
e7cdf9e8-a8e9-45f0-9095-1a9b62ff3d4c,Grass
e7dd427f-b361-4148-96f7-8c16ac8e620d,Bug
e84565fc-16ed-4076-96b6-45c5579a9cd1,Poison
e8a40146-5750-4586-bf47-a2b8bbd59b78,Bug
e8b1cc07-05fe-4294-b08c-9cb4e3b9da03,Rock
e8b39dad-b9cf-4a4a-badd-9d6c00fb49f7,Water
e8e42bc3-14b2-44b7-83e8-6708523d92ac,Ground
e8e7c9b4-eadc-44eb-b02d-1d81bb0a8319,Bug
e91d940c-08ce-42b6-8ebb-45f433d6e17d,Fire
e931593d-032f-42e0-9394-29746ddc5160,Water
e9cbb400-4ce9-4ceb-97ee-b424c773b9a3,Water
e9eacba9-7fdc-47bd-9e84-cdfffa75d253,Grass
ea1c0db3-39ff-478b-ab32-da5daa8d39ac,Normal
eaba50f5-fd6a-44cb-8d43-584802aecba1,Normal
ebc59df2-bd9c-442a-9715-fc108972666e,Bug
ec39cc9f-7eb9-46b6-9735-4bd821e2d6da,Normal
ec7728a0-8b08-46a0-ba3c-dbde8640285b,Normal
ecf0c01c-0d34-4a10-b093-7d8e24c7e847,Normal
ed49b4b2-a9ca-4bfa-8c4d-d12ccf4b68a1,Poison
ed5cf3b7-f347-4ec4-bb55-791887364fff,Ground
ed7daa10-ba0f-44a3-b2d3-5494363f36d4,Poison
ed931879-8383-4be9-b333-6cff062aaef5,Water
edc17766-4926-4252-ab7d-b182d999f7dc,Water
ee33181f-958d-4aaf-bf26-f4dcfc2c527b,Normal
ee6a6e6b-65fd-4b88-b033-1b2a8489f90b,Normal
eebac9f8-58ed-4c46-ba87-83dd54db69c9,Water
ef17da0f-9203-4e6c-b551-b4e2a8b559a4,Water
ef8c3dbe-16ef-495b-960f-91510c69f1ec,Ground
ef981a25-10e6-43ba-844a-127907164026,Normal
efd3a1c4-cde9-4bf6-801c-05091a5383c7,Water
efff3d3c-2149-4d92-b829-f833b582fc2b,Water
f0732c97-e562-4883-95d0-408de5e3f8f8,Poison
f09ba24b-4991-4dae-8c61-e40c103ba046,Fighting
f0ee1a3d-a854-42ca-9d7b-9974ab1412cf,Fire
f14e6718-6949-45f9-979c-2dc1e7f69594,Water
f1740422-2c53-451d-8a60-ffe066c20150,Water
f1860a79-05b8-4920-a014-66837f76dec8,Water
f1e179c4-6f4a-42c0-b583-1ca1319c871e,Ground
f1e68ff6-b3d3-43b9-91df-e1650176652d,Fire
f215ca8b-eb16-4f2d-9b9d-d203319bd9cd,Water
f26d3d8b-919e-46dc-9775-39d348964500,Water
f2b67e6b-299d-4e23-8a64-82cce9d2f7a0,Normal
f34291c4-6379-4c0b-bde5-3138b80ca150,Fire
f3acb305-6d79-4fe0-b17a-d0d27ce74744,Poison
f3b6fc39-d936-4b44-8798-ef77c02224a2,Water
f4392815-5f02-4145-9fa6-5c0cde00502e,Grass
f4569008-5bab-43a1-8632-f8dbecb4762e,Water
f465aecd-4770-47ac-b8ba-1c0433997cc4,Fire
f47d3361-46eb-43a7-937c-1bb66c163791,Fighting
f4c95eb6-e320-4eaf-84cf-94a433a355cc,Poison
f4caa60b-21da-469c-8d3e-567827b6dbe0,Bug
f53bf425-504e-4cbd-84b3-8b68f8d114c2,Fire
f5430e1c-a692-47fd-b901-fb55f1bc1823,Grass
f687bc33-9c64-40cd-b178-251a76da51eb,Poison
f68d969a-2b62-4597-a9bb-3dcf12385d2a,Normal
f6ac9f15-0420-4abb-8c60-c2b13a0685f4,Normal
f6f218c7-d346-4fc8-a71a-fff8f7de3a46,Water
f6fbedf2-c11e-4d2b-84a1-dec0646ee056,Fire
f706459f-fbc0-4835-b53c-02ce2cf1a9f4,Poison
f7130aec-0ccc-4abf-b37b-d2153fd86e28,Rock
f7d1ba9a-4f02-4f7d-bc81-0fbf36e81594,Bug
f80596af-a4bd-47f3-9b4b-af7197c113e1,Grass
f81e3182-84b5-4d0e-83e9-bcc056b920a2,Normal
f832e225-b511-45ea-8d29-0b12830fc1fd,Poison
f83df58d-2e10-435e-9341-4a3f0123410b,Fire
f853d27b-1783-487d-bc59-145bee3b543f,Fighting
f9030981-4e4d-4ed5-aeb1-ea097931cc9d,Water
f94def64-3eb6-4363-82a1-aae836629783,Normal
f9d226a1-649b-4850-8e69-81d4bd3620ec,Fire
f9f8012d-c16d-4d45-af3a-557e3d286004,Poison
fa283432-b6fb-4ab5-9ae3-412512eac122,Water
facfb963-10c5-42be-8d08-34b27c6c2387,Poison
fb0dec6e-06a1-4004-9a37-93e80152a03f,Normal
fb221908-0ad8-4f30-83af-dd5d156962d8,Water
fb228388-fcb6-44cf-a26a-af1ddee3803d,Poison
fb3636a2-bc21-4dad-859d-9e644917db15,Normal
fb83cff9-f1af-4b46-9e17-7a05d67547d3,Fire
fbfe6f56-bc16-49a2-bcf9-e0bd92832749,Fighting
fc41e750-15c2-4829-a8b9-4c2a8697d2ed,Fire
fd54bf05-7fc9-4e97-bb14-e56ec2cf02d9,Fire
fd8da0da-9fcd-4fa6-bdaf-4a852a20398d,Poison
fd95bf44-421c-4f2a-aa9d-a8cfdef99722,Normal
fdeba69d-bafd-4386-a4b5-fea6d1c5e2f1,Bug
feca2ee4-2e39-440f-b233-708933670f4c,Grass
feedc848-1e1c-4622-ad03-06c074066f37,Poison
ff19d100-8033-46c6-b8ac-d60692f5209a,Poison
ff87c9a6-afb1-4692-8bca-55de4196da73,Rock
ff97cde3-4aa7-4fa5-a1fe-a7bc1051b90c,Water
ffb2f848-a087-4de2-8155-3bdf72130286,Normal
